<node>
  <interface name='org.gtk.Application'>
    <method name='Activate'>
      <arg type='a{sv}' name='platform_data' direction='in'/>
    </method>
    <method name='Open'>
      <arg type='as' name='uris' direction='in'/>
      <arg type='s' name='hint' direction='in'/>
      <arg type='a{sv}' name='platform_data' direction='in'/>
    </method>
    <method name='CommandLine'>
      <arg type='o' name='path' direction='in'/>
      <arg type='aay' name='arguments' direction='in'/>
      <arg type='a{sv}' name='platform_data' direction='in'/>
      <arg type='i' name='exit_status' direction='out'/>
    </method>
    <property name='Busy' type='b' access='read'/>
  </interface>
</node>
