{
  "levels": [
    {
      "level": "default",
      "mode": "default",
      "rows": [
        [
          {
            "strings": [
              "១",
              "៱"
            ]
          },
          {
            "strings": [
              "២",
              "៲"
            ]
          },
          {
            "strings": [
              "៣",
              "៳"
            ]
          },
          {
            "strings": [
              "៤",
              "៴"
            ]
          },
          {
            "strings": [
              "៥",
              "៵"
            ]
          },
          {
            "strings": [
              "៦",
              "៶"
            ]
          },
          {
            "strings": [
              "៧",
              "៷"
            ]
          },
          {
            "strings": [
              "៨",
              "៸"
            ]
          },
          {
            "strings": [
              "៩",
              "៹"
            ]
          },
          {
            "strings": [
              "០",
              "៰"
            ]
          },
          {
            "strings": [
              "ឥ",
              "",
              "ឦ"
            ]
          },
          {
            "strings": [
              "ឲ",
              "ឱ"
            ]
          },
          {
            "action": "delete",
            "iconName": "osk-delete-symbolic",
            "width": 1.5
          }
        ],
        [
          {
            "strings": [
              "ឆ"
            ]
          },
          {
            "strings": [
              "ឹ"
            ]
          },
          {
            "strings": [
              "េ"
            ]
          },
          {
            "strings": [
              "រ"
            ]
          },
          {
            "strings": [
              "ត"
            ]
          },
          {
            "strings": [
              "យ"
            ]
          },
          {
            "strings": [
              "ុ"
            ]
          },
          {
            "strings": [
              "ិ"
            ]
          },
          {
            "strings": [
              "ោ"
            ]
          },
          {
            "strings": [
              "ផ"
            ]
          },
          {
            "strings": [
              "ៀ"
            ]
          },
          {
            "strings": [
              "ឪ",
              "ឧ",
              "ឱ",
              "ឳ",
              "ឩ",
              "ឨ"
            ]
          },
          {
            "iconName": "osk-enter-symbolic",
            "keyval": "0xff0d",
            "width": 1.5
          }
        ],
        [
          {
            "strings": [
              "ា"
            ]
          },
          {
            "strings": [
              "ស"
            ]
          },
          {
            "strings": [
              "ដ"
            ]
          },
          {
            "strings": [
              "ថ"
            ]
          },
          {
            "strings": [
              "ង"
            ]
          },
          {
            "strings": [
              "ហ"
            ]
          },
          {
            "strings": [
              "្"
            ]
          },
          {
            "strings": [
              "ក"
            ]
          },
          {
            "strings": [
              "ល"
            ]
          },
          {
            "strings": [
              "ើ"
            ]
          },
          {
            "strings": [
              "់"
            ]
          },
          {
            "strings": [
              "ឮ",
              "ឭ",
              "ឰ"
            ]
          }
        ],
        [
          {
            "strings": [
              "ឋ"
            ]
          },
          {
            "strings": [
              "ខ"
            ]
          },
          {
            "strings": [
              "ច"
            ]
          },
          {
            "strings": [
              "វ"
            ]
          },
          {
            "strings": [
              "ប"
            ]
          },
          {
            "strings": [
              "ន"
            ]
          },
          {
            "strings": [
              "ម"
            ]
          },
          {
            "strings": [
              "ុំ"
            ]
          },
          {
            "strings": [
              "។"
            ]
          },
          {
            "strings": [
              "៊"
            ]
          },
          {
            "strings": [
              ","
            ]
          },
          {
            "strings": [
              ".",
              "#",
              "!",
              ",",
              "?",
              "-",
              ":",
              "'",
              "@"
            ]
          }
        ],
        [
          {
            "action": "levelSwitch",
            "label": "?123",
            "level": "opt",
            "width": 1.5
          },
          {
            "action": "emoji",
            "iconName": "osk-emoji-picker-symbolic",
            "width": 1.5
          },
          {
            "strings": [
              " "
            ],
            "width": 7
          },
          {
            "action": "languageMenu",
            "iconName": "osk-layout-symbolic",
            "width": 1.5
          },
          {
            "action": "hide",
            "iconName": "osk-hide-symbolic",
            "width": 2
          }
        ]
      ]
    },
    {
      "level": "opt",
      "mode": "locked",
      "rows": [
        [
          {
            "strings": [
              "1",
              "¹",
              "½",
              "⅓",
              "¼",
              "⅛"
            ]
          },
          {
            "strings": [
              "2",
              "²",
              "⅔"
            ]
          },
          {
            "strings": [
              "3",
              "³",
              "¾",
              "⅜"
            ]
          },
          {
            "strings": [
              "4",
              "⁴"
            ]
          },
          {
            "strings": [
              "5",
              "⅝"
            ]
          },
          {
            "strings": [
              "6"
            ]
          },
          {
            "strings": [
              "7",
              "⅞"
            ]
          },
          {
            "strings": [
              "8"
            ]
          },
          {
            "strings": [
              "9"
            ]
          },
          {
            "strings": [
              "0",
              "ⁿ",
              "∅"
            ]
          },
          {
            "action": "delete",
            "iconName": "osk-delete-symbolic",
            "width": 1.5
          }
        ],
        [
          {
            "leftOffset": 0.5,
            "strings": [
              "@"
            ]
          },
          {
            "strings": [
              "#"
            ]
          },
          {
            "strings": [
              "$",
              "៛",
              "¢",
              "£",
              "€",
              "¥",
              "₱"
            ]
          },
          {
            "strings": [
              "%",
              "‰"
            ]
          },
          {
            "strings": [
              "&"
            ]
          },
          {
            "strings": [
              "-",
              "_",
              "–",
              "—",
              "·"
            ]
          },
          {
            "strings": [
              "+",
              "±"
            ]
          },
          {
            "strings": [
              "(",
              "<",
              "{",
              "["
            ]
          },
          {
            "strings": [
              ")",
              ">",
              "}",
              "]"
            ]
          },
          {
            "iconName": "osk-enter-symbolic",
            "keyval": "0xff0d",
            "width": 2
          }
        ],
        [
          {
            "action": "levelSwitch",
            "label": "=/<",
            "level": "opt+shift",
            "width": 1.5
          },
          {
            "strings": [
              "*",
              "†",
              "‡",
              "★"
            ]
          },
          {
            "strings": [
              "\"",
              "“",
              "”",
              "«",
              "»"
            ]
          },
          {
            "strings": [
              "'",
              "‘",
              "’",
              "‹",
              "›"
            ]
          },
          {
            "strings": [
              ":"
            ]
          },
          {
            "strings": [
              ";"
            ]
          },
          {
            "strings": [
              "!",
              "¡"
            ]
          },
          {
            "strings": [
              "?",
              "¿"
            ]
          },
          {
            "action": "levelSwitch",
            "label": "=/<",
            "level": "opt+shift",
            "width": 3
          }
        ],
        [
          {
            "action": "levelSwitch",
            "label": "ABC",
            "level": "default",
            "width": 1.5
          },
          {
            "strings": [
              "_"
            ]
          },
          {
            "strings": [
              "/"
            ]
          },
          {
            "strings": [
              " "
            ],
            "width": 3
          },
          {
            "strings": [
              ","
            ]
          },
          {
            "strings": [
              ".",
              "…"
            ]
          },
          {
            "action": "emoji",
            "iconName": "osk-emoji-picker-symbolic"
          },
          {
            "action": "languageMenu",
            "iconName": "osk-layout-symbolic"
          },
          {
            "action": "hide",
            "iconName": "osk-hide-symbolic"
          }
        ]
      ]
    },
    {
      "level": "opt+shift",
      "mode": "locked",
      "rows": [
        [
          {
            "strings": [
              "~"
            ]
          },
          {
            "strings": [
              "`"
            ]
          },
          {
            "strings": [
              "|"
            ]
          },
          {
            "strings": [
              "•",
              "♪",
              "♥",
              "♠",
              "♦",
              "♣"
            ]
          },
          {
            "strings": [
              "√"
            ]
          },
          {
            "strings": [
              "Π",
              "π"
            ]
          },
          {
            "strings": [
              "÷"
            ]
          },
          {
            "strings": [
              "×"
            ]
          },
          {
            "strings": [
              "¶",
              "§"
            ]
          },
          {
            "strings": [
              "∆"
            ]
          },
          {
            "action": "delete",
            "iconName": "osk-delete-symbolic",
            "width": 1.5
          }
        ],
        [
          {
            "leftOffset": 0.5,
            "strings": [
              "£"
            ]
          },
          {
            "strings": [
              "¢"
            ]
          },
          {
            "strings": [
              "€"
            ]
          },
          {
            "strings": [
              "¥"
            ]
          },
          {
            "strings": [
              "^",
              "↑",
              "↓",
              "←",
              "→"
            ]
          },
          {
            "strings": [
              "°",
              "′",
              "″"
            ]
          },
          {
            "strings": [
              "=",
              "≠",
              "≈",
              "∞"
            ]
          },
          {
            "strings": [
              "{"
            ]
          },
          {
            "strings": [
              "}"
            ]
          },
          {
            "iconName": "osk-enter-symbolic",
            "keyval": "0xff0d",
            "width": 2
          }
        ],
        [
          {
            "action": "levelSwitch",
            "label": "?123",
            "level": "opt",
            "width": 1.5
          },
          {
            "strings": [
              "\\"
            ]
          },
          {
            "strings": [
              "©"
            ]
          },
          {
            "strings": [
              "®"
            ]
          },
          {
            "strings": [
              "™"
            ]
          },
          {
            "strings": [
              "℅"
            ]
          },
          {
            "strings": [
              "["
            ]
          },
          {
            "strings": [
              "]"
            ]
          },
          {
            "action": "levelSwitch",
            "label": "?123",
            "level": "opt",
            "width": 3
          }
        ],
        [
          {
            "action": "levelSwitch",
            "label": "ABC",
            "level": "default",
            "width": 1.5
          },
          {
            "strings": [
              "<",
              "‹",
              "≤",
              "«"
            ]
          },
          {
            "strings": [
              ">",
              "›",
              "≥",
              "»"
            ]
          },
          {
            "strings": [
              " "
            ],
            "width": 3
          },
          {
            "strings": [
              ","
            ]
          },
          {
            "strings": [
              ".",
              "…"
            ]
          },
          {
            "action": "emoji",
            "iconName": "osk-emoji-picker-symbolic"
          },
          {
            "action": "languageMenu",
            "iconName": "osk-layout-symbolic"
          },
          {
            "action": "hide",
            "iconName": "osk-hide-symbolic"
          }
        ]
      ]
    }
  ],
  "locale": "km",
  "name": "Khmer"
}
