{
  "levels": [
    {
      "level": "default",
      "mode": "default",
      "rows": [
        [
          {
            "strings": [
              "ຢ",
              "໑"
            ]
          },
          {
            "strings": [
              "ຟ",
              "໒"
            ]
          },
          {
            "strings": [
              "ໂ",
              "໓"
            ]
          },
          {
            "strings": [
              "ຖ",
              "໔"
            ]
          },
          {
            "strings": [
              "ຸ"
            ]
          },
          {
            "strings": [
              "ູ"
            ]
          },
          {
            "strings": [
              "ຄ",
              "໕"
            ]
          },
          {
            "strings": [
              "ຕ",
              "໖"
            ]
          },
          {
            "strings": [
              "ຈ",
              "໗"
            ]
          },
          {
            "strings": [
              "ຂ",
              "໘"
            ]
          },
          {
            "strings": [
              "ຊ",
              "໙"
            ]
          },
          {
            "strings": [
              "ໍ"
            ]
          },
          {
            "action": "delete",
            "iconName": "osk-delete-symbolic",
            "width": 1.5
          }
        ],
        [
          {
            "strings": [
              "ົ"
            ]
          },
          {
            "strings": [
              "ໄ",
              "໐"
            ]
          },
          {
            "strings": [
              "ຳ"
            ]
          },
          {
            "strings": [
              "ພ"
            ]
          },
          {
            "strings": [
              "ະ"
            ]
          },
          {
            "strings": [
              "ິ"
            ]
          },
          {
            "strings": [
              "ີ"
            ]
          },
          {
            "strings": [
              "ຮ"
            ]
          },
          {
            "strings": [
              "ນ"
            ]
          },
          {
            "strings": [
              "ຍ"
            ]
          },
          {
            "strings": [
              "ບ"
            ]
          },
          {
            "strings": [
              "ລ"
            ]
          },
          {
            "iconName": "osk-enter-symbolic",
            "keyval": "0xff0d",
            "width": 1.5
          }
        ],
        [
          {
            "strings": [
              "ັ"
            ]
          },
          {
            "strings": [
              "ຫ"
            ]
          },
          {
            "strings": [
              "ກ"
            ]
          },
          {
            "strings": [
              "ດ"
            ]
          },
          {
            "strings": [
              "ເ"
            ]
          },
          {
            "strings": [
              "້"
            ]
          },
          {
            "strings": [
              "່"
            ]
          },
          {
            "strings": [
              "າ"
            ]
          },
          {
            "strings": [
              "ສ"
            ]
          },
          {
            "strings": [
              "ວ"
            ]
          },
          {
            "strings": [
              "ງ"
            ]
          },
          {
            "strings": [
              "“"
            ]
          }
        ],
        [
          {
            "strings": [
              "ຜ"
            ]
          },
          {
            "strings": [
              "ປ"
            ]
          },
          {
            "strings": [
              "ແ"
            ]
          },
          {
            "strings": [
              "ອ"
            ]
          },
          {
            "strings": [
              "ຶ"
            ]
          },
          {
            "strings": [
              "ື"
            ]
          },
          {
            "strings": [
              "ທ"
            ]
          },
          {
            "strings": [
              "ມ"
            ]
          },
          {
            "strings": [
              "ໃ"
            ]
          },
          {
            "strings": [
              "ຝ"
            ]
          },
          {
            "strings": [
              ","
            ]
          },
          {
            "strings": [
              ".",
              "#",
              "!",
              ",",
              "?",
              "-",
              ":",
              "'",
              "@"
            ]
          }
        ],
        [
          {
            "action": "levelSwitch",
            "label": "?123",
            "level": "opt",
            "width": 1.5
          },
          {
            "action": "emoji",
            "iconName": "osk-emoji-picker-symbolic",
            "width": 1.5
          },
          {
            "strings": [
              " "
            ],
            "width": 7
          },
          {
            "action": "languageMenu",
            "iconName": "osk-layout-symbolic",
            "width": 1.5
          },
          {
            "action": "hide",
            "iconName": "osk-hide-symbolic",
            "width": 2
          }
        ]
      ]
    },
    {
      "level": "opt",
      "mode": "locked",
      "rows": [
        [
          {
            "strings": [
              "1",
              "¹",
              "½",
              "⅓",
              "¼",
              "⅛"
            ]
          },
          {
            "strings": [
              "2",
              "²",
              "⅔"
            ]
          },
          {
            "strings": [
              "3",
              "³",
              "¾",
              "⅜"
            ]
          },
          {
            "strings": [
              "4",
              "⁴"
            ]
          },
          {
            "strings": [
              "5",
              "⅝"
            ]
          },
          {
            "strings": [
              "6"
            ]
          },
          {
            "strings": [
              "7",
              "⅞"
            ]
          },
          {
            "strings": [
              "8"
            ]
          },
          {
            "strings": [
              "9"
            ]
          },
          {
            "strings": [
              "0",
              "ⁿ",
              "∅"
            ]
          },
          {
            "action": "delete",
            "iconName": "osk-delete-symbolic",
            "width": 1.5
          }
        ],
        [
          {
            "leftOffset": 0.5,
            "strings": [
              "@"
            ]
          },
          {
            "strings": [
              "#"
            ]
          },
          {
            "strings": [
              "₭",
              "$",
              "¢",
              "€",
              "£",
              "¥",
              "₱"
            ]
          },
          {
            "strings": [
              "%",
              "‰"
            ]
          },
          {
            "strings": [
              "&"
            ]
          },
          {
            "strings": [
              "-",
              "_",
              "–",
              "—",
              "·"
            ]
          },
          {
            "strings": [
              "+",
              "±"
            ]
          },
          {
            "strings": [
              "(",
              "<",
              "{",
              "["
            ]
          },
          {
            "strings": [
              ")",
              ">",
              "}",
              "]"
            ]
          },
          {
            "iconName": "osk-enter-symbolic",
            "keyval": "0xff0d",
            "width": 2
          }
        ],
        [
          {
            "action": "levelSwitch",
            "label": "=/<",
            "level": "opt+shift",
            "width": 1.5
          },
          {
            "strings": [
              "*",
              "†",
              "‡",
              "★"
            ]
          },
          {
            "strings": [
              "\"",
              "“",
              "”",
              "«",
              "»"
            ]
          },
          {
            "strings": [
              "'",
              "‘",
              "’",
              "‹",
              "›"
            ]
          },
          {
            "strings": [
              ":"
            ]
          },
          {
            "strings": [
              ";"
            ]
          },
          {
            "strings": [
              "!",
              "¡"
            ]
          },
          {
            "strings": [
              "?",
              "¿"
            ]
          },
          {
            "action": "levelSwitch",
            "label": "=/<",
            "level": "opt+shift",
            "width": 3
          }
        ],
        [
          {
            "action": "levelSwitch",
            "label": "ABC",
            "level": "default",
            "width": 1.5
          },
          {
            "strings": [
              "_"
            ]
          },
          {
            "strings": [
              "/"
            ]
          },
          {
            "strings": [
              " "
            ],
            "width": 3
          },
          {
            "strings": [
              ","
            ]
          },
          {
            "strings": [
              ".",
              "…"
            ]
          },
          {
            "action": "emoji",
            "iconName": "osk-emoji-picker-symbolic"
          },
          {
            "action": "languageMenu",
            "iconName": "osk-layout-symbolic"
          },
          {
            "action": "hide",
            "iconName": "osk-hide-symbolic"
          }
        ]
      ]
    },
    {
      "level": "opt+shift",
      "mode": "locked",
      "rows": [
        [
          {
            "strings": [
              "~"
            ]
          },
          {
            "strings": [
              "`"
            ]
          },
          {
            "strings": [
              "|"
            ]
          },
          {
            "strings": [
              "•",
              "♪",
              "♥",
              "♠",
              "♦",
              "♣"
            ]
          },
          {
            "strings": [
              "√"
            ]
          },
          {
            "strings": [
              "Π",
              "π"
            ]
          },
          {
            "strings": [
              "÷"
            ]
          },
          {
            "strings": [
              "×"
            ]
          },
          {
            "strings": [
              "¶",
              "§"
            ]
          },
          {
            "strings": [
              "∆"
            ]
          },
          {
            "action": "delete",
            "iconName": "osk-delete-symbolic",
            "width": 1.5
          }
        ],
        [
          {
            "leftOffset": 0.5,
            "strings": [
              "£"
            ]
          },
          {
            "strings": [
              "€"
            ]
          },
          {
            "strings": [
              "$",
              "¢"
            ]
          },
          {
            "strings": [
              "¢"
            ]
          },
          {
            "strings": [
              "^",
              "↑",
              "↓",
              "←",
              "→"
            ]
          },
          {
            "strings": [
              "°",
              "′",
              "″"
            ]
          },
          {
            "strings": [
              "=",
              "≠",
              "≈",
              "∞"
            ]
          },
          {
            "strings": [
              "{"
            ]
          },
          {
            "strings": [
              "}"
            ]
          },
          {
            "iconName": "osk-enter-symbolic",
            "keyval": "0xff0d",
            "width": 2
          }
        ],
        [
          {
            "action": "levelSwitch",
            "label": "?123",
            "level": "opt",
            "width": 1.5
          },
          {
            "strings": [
              "\\"
            ]
          },
          {
            "strings": [
              "©"
            ]
          },
          {
            "strings": [
              "®"
            ]
          },
          {
            "strings": [
              "™"
            ]
          },
          {
            "strings": [
              "℅"
            ]
          },
          {
            "strings": [
              "["
            ]
          },
          {
            "strings": [
              "]"
            ]
          },
          {
            "action": "levelSwitch",
            "label": "?123",
            "level": "opt",
            "width": 3
          }
        ],
        [
          {
            "action": "levelSwitch",
            "label": "ABC",
            "level": "default",
            "width": 1.5
          },
          {
            "strings": [
              "<",
              "‹",
              "≤",
              "«"
            ]
          },
          {
            "strings": [
              ">",
              "›",
              "≥",
              "»"
            ]
          },
          {
            "strings": [
              " "
            ],
            "width": 3
          },
          {
            "strings": [
              ","
            ]
          },
          {
            "strings": [
              ".",
              "…"
            ]
          },
          {
            "action": "emoji",
            "iconName": "osk-emoji-picker-symbolic"
          },
          {
            "action": "languageMenu",
            "iconName": "osk-layout-symbolic"
          },
          {
            "action": "hide",
            "iconName": "osk-hide-symbolic"
          }
        ]
      ]
    }
  ],
  "locale": "lo",
  "name": "Lao"
}
