{
  "levels": [
    {
      "level": "default",
      "mode": "default",
      "rows": [
        [
          {
            "strings": [
              "7"
            ]
          },
          {
            "strings": [
              "8"
            ]
          },
          {
            "strings": [
              "9"
            ]
          },
          {
            "action": "delete",
            "iconName": "osk-delete-symbolic"
          }
        ],
        [
          {
            "strings": [
              "4"
            ]
          },
          {
            "strings": [
              "5"
            ]
          },
          {
            "strings": [
              "6"
            ]
          },
          {
            "iconName": "osk-enter-symbolic",
            "keyval": "0xff0d",
            "height": 2
          }
        ],
        [
          {
            "strings": [
              "1"
            ]
          },
          {
            "strings": [
              "2"
            ]
          },
          {
            "strings": [
              "3"
            ]
          }
        ],
        [
          {
            "strings": [
              "-",
              "+",
              "E"
            ]
          },
          {
            "strings": [
              "0"
            ]
          },
          {
            "strings": [
              ".",
              ","
            ]
          },
          {
            "action": "hide",
            "iconName": "osk-hide-symbolic"
          }
        ]
      ]
    }
  ],
  "name": "Numeric Keyboard"
}
