{
  "levels": [
    {
      "level": "default",
      "mode": "default",
      "rows": [
        [
          {
            "strings": [
              "q"
            ]
          },
          {
            "strings": [
              "w"
            ]
          },
          {
            "strings": [
              "e",
              "è",
              "é",
              "ẻ",
              "ẽ",
              "ẹ",
              "ê",
              "ề",
              "ế",
              "ể",
              "ễ",
              "ệ"
            ]
          },
          {
            "strings": [
              "r"
            ]
          },
          {
            "strings": [
              "t"
            ]
          },
          {
            "strings": [
              "y",
              "ỳ",
              "ý",
              "ỷ",
              "ỹ",
              "ỵ"
            ]
          },
          {
            "strings": [
              "u",
              "ù",
              "ú",
              "ủ",
              "ũ",
              "ụ",
              "ư",
              "ừ",
              "ứ",
              "ử",
              "ữ",
              "ự"
            ]
          },
          {
            "strings": [
              "i",
              "ì",
              "í",
              "ỉ",
              "ĩ",
              "ị"
            ]
          },
          {
            "strings": [
              "o",
              "ò",
              "ó",
              "ỏ",
              "õ",
              "ọ",
              "ô",
              "ồ",
              "ố",
              "ổ",
              "ỗ",
              "ộ",
              "ơ",
              "ờ",
              "ớ",
              "ở",
              "ỡ",
              "ợ"
            ]
          },
          {
            "strings": [
              "p"
            ]
          },
          {
            "action": "delete",
            "iconName": "osk-delete-symbolic",
            "width": 1.5
          }
        ],
        [
          {
            "leftOffset": 0.5,
            "strings": [
              "a",
              "à",
              "á",
              "ả",
              "ã",
              "ạ",
              "ă",
              "ằ",
              "ắ",
              "ẳ",
              "ẵ",
              "ặ",
              "â",
              "ầ",
              "ấ",
              "ẩ",
              "ẫ",
              "ậ"
            ]
          },
          {
            "strings": [
              "s"
            ]
          },
          {
            "strings": [
              "d",
              "đ"
            ]
          },
          {
            "strings": [
              "f"
            ]
          },
          {
            "strings": [
              "g"
            ]
          },
          {
            "strings": [
              "h"
            ]
          },
          {
            "strings": [
              "j"
            ]
          },
          {
            "strings": [
              "k"
            ]
          },
          {
            "strings": [
              "l"
            ]
          },
          {
            "iconName": "osk-enter-symbolic",
            "keyval": "0xff0d",
            "width": 2
          }
        ],
        [
          {
            "action": "levelSwitch",
            "iconName": "osk-shift-symbolic",
            "level": "shift"
          },
          {
            "strings": [
              "z"
            ]
          },
          {
            "strings": [
              "x"
            ]
          },
          {
            "strings": [
              "c"
            ]
          },
          {
            "strings": [
              "v"
            ]
          },
          {
            "strings": [
              "b"
            ]
          },
          {
            "strings": [
              "n"
            ]
          },
          {
            "strings": [
              "m"
            ]
          },
          {
            "strings": [
              ","
            ]
          },
          {
            "strings": [
              ".",
              "#",
              "!",
              ",",
              "?",
              "-",
              ":",
              "'",
              "@"
            ]
          },
          {
            "action": "levelSwitch",
            "iconName": "osk-shift-symbolic",
            "level": "shift",
            "width": 1.5
          }
        ],
        [
          {
            "action": "levelSwitch",
            "label": "?123",
            "level": "opt",
            "width": 1.5
          },
          {
            "action": "emoji",
            "iconName": "osk-emoji-picker-symbolic",
            "width": 1.5
          },
          {
            "strings": [
              " "
            ],
            "width": 5
          },
          {
            "action": "languageMenu",
            "iconName": "osk-layout-symbolic",
            "width": 1.5
          },
          {
            "action": "hide",
            "iconName": "osk-hide-symbolic",
            "width": 2
          }
        ]
      ]
    },
    {
      "level": "shift",
      "mode": "latched",
      "rows": [
        [
          {
            "strings": [
              "Q"
            ]
          },
          {
            "strings": [
              "W"
            ]
          },
          {
            "strings": [
              "E",
              "È",
              "É",
              "Ẻ",
              "Ẽ",
              "Ẹ",
              "Ê",
              "Ề",
              "Ế",
              "Ể",
              "Ễ",
              "Ệ"
            ]
          },
          {
            "strings": [
              "R"
            ]
          },
          {
            "strings": [
              "T"
            ]
          },
          {
            "strings": [
              "Y",
              "Ỳ",
              "Ý",
              "Ỷ",
              "Ỹ",
              "Ỵ"
            ]
          },
          {
            "strings": [
              "U",
              "Ù",
              "Ú",
              "Ủ",
              "Ũ",
              "Ụ",
              "Ư",
              "Ừ",
              "Ứ",
              "Ử",
              "Ữ",
              "Ự"
            ]
          },
          {
            "strings": [
              "I",
              "Ì",
              "Í",
              "Ỉ",
              "Ĩ",
              "Ị"
            ]
          },
          {
            "strings": [
              "O",
              "Ò",
              "Ó",
              "Ỏ",
              "Õ",
              "Ọ",
              "Ô",
              "Ồ",
              "Ố",
              "Ổ",
              "Ỗ",
              "Ộ",
              "Ơ",
              "Ờ",
              "Ớ",
              "Ở",
              "Ỡ",
              "Ợ"
            ]
          },
          {
            "strings": [
              "P"
            ]
          },
          {
            "action": "delete",
            "iconName": "osk-delete-symbolic",
            "width": 1.5
          }
        ],
        [
          {
            "leftOffset": 0.5,
            "strings": [
              "A",
              "À",
              "Á",
              "Ả",
              "Ã",
              "Ạ",
              "Ă",
              "Ằ",
              "Ắ",
              "Ẳ",
              "Ẵ",
              "Ặ",
              "Â",
              "Ầ",
              "Ấ",
              "Ẩ",
              "Ẫ",
              "Ậ"
            ]
          },
          {
            "strings": [
              "S"
            ]
          },
          {
            "strings": [
              "D",
              "Đ"
            ]
          },
          {
            "strings": [
              "F"
            ]
          },
          {
            "strings": [
              "G"
            ]
          },
          {
            "strings": [
              "H"
            ]
          },
          {
            "strings": [
              "J"
            ]
          },
          {
            "strings": [
              "K"
            ]
          },
          {
            "strings": [
              "L"
            ]
          },
          {
            "iconName": "osk-enter-symbolic",
            "keyval": "0xff0d",
            "width": 2
          }
        ],
        [
          {
            "action": "levelSwitch",
            "iconName": "osk-shift-symbolic",
            "level": "default"
          },
          {
            "strings": [
              "Z"
            ]
          },
          {
            "strings": [
              "X"
            ]
          },
          {
            "strings": [
              "C"
            ]
          },
          {
            "strings": [
              "V"
            ]
          },
          {
            "strings": [
              "B"
            ]
          },
          {
            "strings": [
              "N"
            ]
          },
          {
            "strings": [
              "M"
            ]
          },
          {
            "strings": [
              ","
            ]
          },
          {
            "strings": [
              ".",
              "#",
              "!",
              ",",
              "?",
              "-",
              ":",
              "'",
              "@"
            ]
          },
          {
            "action": "levelSwitch",
            "iconName": "osk-shift-symbolic",
            "level": "default",
            "width": 1.5
          }
        ],
        [
          {
            "action": "levelSwitch",
            "label": "?123",
            "level": "opt",
            "width": 1.5
          },
          {
            "action": "emoji",
            "iconName": "osk-emoji-picker-symbolic",
            "width": 1.5
          },
          {
            "strings": [
              " "
            ],
            "width": 5
          },
          {
            "action": "languageMenu",
            "iconName": "osk-layout-symbolic",
            "width": 1.5
          },
          {
            "action": "hide",
            "iconName": "osk-hide-symbolic",
            "width": 2
          }
        ]
      ]
    },
    {
      "level": "opt",
      "mode": "locked",
      "rows": [
        [
          {
            "strings": [
              "1",
              "¹",
              "½",
              "⅓",
              "¼",
              "⅛"
            ]
          },
          {
            "strings": [
              "2",
              "²",
              "⅔"
            ]
          },
          {
            "strings": [
              "3",
              "³",
              "¾",
              "⅜"
            ]
          },
          {
            "strings": [
              "4",
              "⁴"
            ]
          },
          {
            "strings": [
              "5",
              "⅝"
            ]
          },
          {
            "strings": [
              "6"
            ]
          },
          {
            "strings": [
              "7",
              "⅞"
            ]
          },
          {
            "strings": [
              "8"
            ]
          },
          {
            "strings": [
              "9"
            ]
          },
          {
            "strings": [
              "0",
              "ⁿ",
              "∅"
            ]
          },
          {
            "action": "delete",
            "iconName": "osk-delete-symbolic",
            "width": 1.5
          }
        ],
        [
          {
            "leftOffset": 0.5,
            "strings": [
              "@"
            ]
          },
          {
            "strings": [
              "#"
            ]
          },
          {
            "strings": [
              "₫",
              "$",
              "¢",
              "€",
              "£",
              "¥",
              "₱"
            ]
          },
          {
            "strings": [
              "%",
              "‰"
            ]
          },
          {
            "strings": [
              "&"
            ]
          },
          {
            "strings": [
              "-",
              "_",
              "–",
              "—",
              "·"
            ]
          },
          {
            "strings": [
              "+",
              "±"
            ]
          },
          {
            "strings": [
              "(",
              "<",
              "{",
              "["
            ]
          },
          {
            "strings": [
              ")",
              ">",
              "}",
              "]"
            ]
          },
          {
            "iconName": "osk-enter-symbolic",
            "keyval": "0xff0d",
            "width": 2
          }
        ],
        [
          {
            "action": "levelSwitch",
            "label": "=/<",
            "level": "opt+shift",
            "width": 1.5
          },
          {
            "strings": [
              "*",
              "†",
              "‡",
              "★"
            ]
          },
          {
            "strings": [
              "\"",
              "“",
              "”",
              "«",
              "»"
            ]
          },
          {
            "strings": [
              "'",
              "‘",
              "’",
              "‹",
              "›"
            ]
          },
          {
            "strings": [
              ":"
            ]
          },
          {
            "strings": [
              ";"
            ]
          },
          {
            "strings": [
              "!",
              "¡"
            ]
          },
          {
            "strings": [
              "?",
              "¿"
            ]
          },
          {
            "action": "levelSwitch",
            "label": "=/<",
            "level": "opt+shift",
            "width": 3
          }
        ],
        [
          {
            "action": "levelSwitch",
            "label": "ABC",
            "level": "default",
            "width": 1.5
          },
          {
            "strings": [
              "_"
            ]
          },
          {
            "strings": [
              "/"
            ]
          },
          {
            "strings": [
              " "
            ],
            "width": 3
          },
          {
            "strings": [
              ","
            ]
          },
          {
            "strings": [
              ".",
              "…"
            ]
          },
          {
            "action": "emoji",
            "iconName": "osk-emoji-picker-symbolic"
          },
          {
            "action": "languageMenu",
            "iconName": "osk-layout-symbolic"
          },
          {
            "action": "hide",
            "iconName": "osk-hide-symbolic"
          }
        ]
      ]
    },
    {
      "level": "opt+shift",
      "mode": "locked",
      "rows": [
        [
          {
            "strings": [
              "~"
            ]
          },
          {
            "strings": [
              "`"
            ]
          },
          {
            "strings": [
              "|"
            ]
          },
          {
            "strings": [
              "•",
              "♪",
              "♥",
              "♠",
              "♦",
              "♣"
            ]
          },
          {
            "strings": [
              "√"
            ]
          },
          {
            "strings": [
              "Π",
              "π"
            ]
          },
          {
            "strings": [
              "÷"
            ]
          },
          {
            "strings": [
              "×"
            ]
          },
          {
            "strings": [
              "¶",
              "§"
            ]
          },
          {
            "strings": [
              "∆"
            ]
          },
          {
            "action": "delete",
            "iconName": "osk-delete-symbolic",
            "width": 1.5
          }
        ],
        [
          {
            "leftOffset": 0.5,
            "strings": [
              "£"
            ]
          },
          {
            "strings": [
              "€"
            ]
          },
          {
            "strings": [
              "$",
              "¢"
            ]
          },
          {
            "strings": [
              "¢"
            ]
          },
          {
            "strings": [
              "^",
              "↑",
              "↓",
              "←",
              "→"
            ]
          },
          {
            "strings": [
              "°",
              "′",
              "″"
            ]
          },
          {
            "strings": [
              "=",
              "≠",
              "≈",
              "∞"
            ]
          },
          {
            "strings": [
              "{"
            ]
          },
          {
            "strings": [
              "}"
            ]
          },
          {
            "iconName": "osk-enter-symbolic",
            "keyval": "0xff0d",
            "width": 2
          }
        ],
        [
          {
            "action": "levelSwitch",
            "label": "?123",
            "level": "opt",
            "width": 1.5
          },
          {
            "strings": [
              "\\"
            ]
          },
          {
            "strings": [
              "©"
            ]
          },
          {
            "strings": [
              "®"
            ]
          },
          {
            "strings": [
              "™"
            ]
          },
          {
            "strings": [
              "℅"
            ]
          },
          {
            "strings": [
              "["
            ]
          },
          {
            "strings": [
              "]"
            ]
          },
          {
            "action": "levelSwitch",
            "label": "?123",
            "level": "opt",
            "width": 3
          }
        ],
        [
          {
            "action": "levelSwitch",
            "label": "ABC",
            "level": "default",
            "width": 1.5
          },
          {
            "strings": [
              "<",
              "‹",
              "≤",
              "«"
            ]
          },
          {
            "strings": [
              ">",
              "›",
              "≥",
              "»"
            ]
          },
          {
            "strings": [
              " "
            ],
            "width": 3
          },
          {
            "strings": [
              ","
            ]
          },
          {
            "strings": [
              ".",
              "…"
            ]
          },
          {
            "action": "emoji",
            "iconName": "osk-emoji-picker-symbolic"
          },
          {
            "action": "languageMenu",
            "iconName": "osk-layout-symbolic"
          },
          {
            "action": "hide",
            "iconName": "osk-hide-symbolic"
          }
        ]
      ]
    }
  ],
  "locale": "vi",
  "name": "Vietnamese"
}
