<!DOCTYPE node PUBLIC
        "-//freedesktop//DTD D-BUS Object Introspection 1.0//EN"
        "http://www.freedesktop.org/standards/dbus/1.0/introspect.dtd">

<!--
        Copyright (C) 2013 Red Hat, Inc.

        This library is free software; you can redistribute it and/or
        modify it under the terms of the GNU Lesser General Public
        License as published by the Free Software Foundation; either
        version 2 of the License, or (at your option) any later version.

        This library is distributed in the hope that it will be useful,
        but WITHOUT ANY WARRANTY; without even the implied warranty of
        MERCHANTABILITY or FITNESS FOR A PARTICULAR PURPOSE. See the GNU
        Lesser General Public License for more details.

        You should have received a copy of the GNU Lesser General
        Public License along with this library; if not, see <http://www.gnu.org/licenses/>.
-->

<node name="/" xmlns:doc="http://www.freedesktop.org/dbus/1.0/doc.dtd">
        <!--
        org.gnome.ScreenSaver:

        An interface used for managing the lock screen.
        -->
        <interface name="org.gnome.ScreenSaver">
                <method name="Lock" />
                <method name="GetActive">
                        <arg name="active" direction="out" type="b" />
                </method>
                <method name="SetActive">
                        <arg name="value" direction="in" type="b" />
                </method>
                <method name="GetActiveTime">
                        <arg name="value" direction="out" type="u" />
                </method>
                <signal name="ActiveChanged">
                        <arg name="new_value" type="b" />
                </signal>
        </interface>
</node>
