<node>
  <interface name="org.freedesktop.impl.portal.Access">
    <method name="AccessDialog">
      <arg type="o" name="handle" direction="in"/>
      <arg type="s" name="app_id" direction="in"/>
      <arg type="s" name="parent_window" direction="in"/>
      <arg type="s" name="title" direction="in"/>
      <arg type="s" name="subtitle" direction="in"/>
      <arg type="s" name="body" direction="in"/>
      <arg type="a{sv}" name="options" direction="in"/>
      <arg type="u" name="response" direction="out"/>
      <arg type="a{sv}" name="results" direction="out"/>
    </method>
  </interface>
</node>
