<?xml version="1.0" encoding="UTF-8"?>
<gresources>
  <gresource prefix="/org/gnome/Shell/Extensions/js">
    <file>main.js</file>
    <file>extensionsService.js</file>
    <file>extensionPrefsDialog.js</file>
    <file>dbusService.js</file>

    <file>extensions/sharedInternals.js</file>
    <file>extensions/prefs.js</file>

    <file>misc/config.js</file>
    <file>misc/errorUtils.js</file>
    <file>misc/extensionUtils.js</file>
    <file>misc/dbusErrors.js</file>
    <file>misc/dbusUtils.js</file>
    <file>misc/params.js</file>
  </gresource>

  <gresource prefix="/org/gnome/Shell/Extensions">
    <file>css/application.css</file>
    <file>ui/extension-error-page.ui</file>
  </gresource>
</gresources>
