<?xml version="1.0" encoding="UTF-8"?>
<gresources>
  <gresource prefix="/org/gnome/shell/osk-layouts">
    <file>am.json</file>
    <file>ara.json</file>
    <file>at.json</file>
    <file>be.json</file>
    <file>bg.json</file>
    <file>by.json</file>
    <file>ca.json</file>
    <file>ch.json</file>
    <file>ch+fr.json</file>
    <file>cz.json</file>
    <file>de.json</file>
    <file>digits.json</file>
    <file>dk.json</file>
    <file>ee.json</file>
    <file>email.json</file>
    <file>epo.json</file>
    <file>es+cat.json</file>
    <file>es.json</file>
    <file>fi.json</file>
    <file>fr.json</file>
    <file>ge.json</file>
    <file>gr.json</file>
    <file>hr.json</file>
    <file>hu.json</file>
    <file>id.json</file>
    <file>il.json</file>
    <file>in+bolnagri.json</file>
    <file>in+mal.json</file>
    <file>ir.json</file>
    <file>is.json</file>
    <file>it.json</file>
    <file>ke.json</file>
    <file>kg.json</file>
    <file>kh.json</file>
    <file>kr.json</file>
    <file>la.json</file>
    <file>latam.json</file>
    <file>lt.json</file>
    <file>lv.json</file>
    <file>mk.json</file>
    <file>mn.json</file>
    <file>my.json</file>
    <file>nl.json</file>
    <file>no.json</file>
    <file>number.json</file>
    <file>ph.json</file>
    <file>phone.json</file>
    <file>pl.json</file>
    <file>pt.json</file>
    <file>ro.json</file>
    <file>rs.json</file>
    <file>ru.json</file>
    <file>se.json</file>
    <file>si.json</file>
    <file>sk.json</file>
    <file>th.json</file>
    <file>tr.json</file>
    <file>ua.json</file>
    <file>uk.json</file>
    <file>url.json</file>
    <file>us.json</file>
    <file>us-extended.json</file>
    <file>vn.json</file>
    <file>za.json</file>
    <file>za-extended.json</file>
    <file>emoji.json</file>
  </gresource>
</gresources>
