<?xml version="1.0" encoding="UTF-8" ?>
<!DOCTYPE node PUBLIC "-//freedesktop//DTD D-BUS Object Introspection 1.0//EN" "http://www.freedesktop.org/standards/dbus/1.0/introspect.dtd">
<node xmlns:doc="http://www.freedesktop.org/dbus/1.0/doc.dtd">
  <interface name="org.gnome.SessionManager.App">
    <method name="GetAppId">
      <arg type="s" name="app_id" direction="out">
        <doc:doc>
          <doc:summary>The identifier for the application</doc:summary>
        </doc:doc>
      </arg>
      <doc:doc>
        <doc:description>
          <doc:para>Return the application ID.</doc:para>
        </doc:description>
      </doc:doc>
    </method>
    <method name="GetStartupId">
      <arg type="s" name="startup_id" direction="out">
        <doc:doc>
          <doc:summary>The startup identifier</doc:summary>
        </doc:doc>
      </arg>
      <doc:doc>
        <doc:description>
          <doc:para>Return the startup ID associated with this application.</doc:para>
        </doc:description>
      </doc:doc>
    </method>
    <method name="GetPhase">
      <arg type="u" name="phase" direction="out">
        <doc:doc>
          <doc:summary>The application startup phase</doc:summary>
        </doc:doc>
      </arg>
      <doc:doc>
        <doc:description>
          <doc:para>Return the startup phase of this application.</doc:para>
        </doc:description>
      </doc:doc>
    </method>

  </interface>
</node>
